<ns0:EFACT_D93A_INVOIC xmlns:ns0="http://schemas.microsoft.com/BizTalk/EDI/EDIFACT/2006">
  <UNH>
    <UNH1>0000277437</UNH1>
    <UNH2>
      <UNH2.1>INVOIC</UNH2.1>
      <UNH2.2>D</UNH2.2>
      <UNH2.3>93A</UNH2.3>
      <UNH2.4>UN</UNH2.4>
      <UNH2.5>EAN007</UNH2.5>
    </UNH2>
  </UNH>
  <ns0:BGM>
    <ns0:C002>
      <C00201>380</C00201>
      <C00204>DVA001V02</C00204>
    </ns0:C002>
    <BGM02>1018083</BGM02>
    <BGM03>9</BGM03>
  </ns0:BGM>
  <ns0:DTM>
    <ns0:C507>
      <C50701>3</C50701>
      <C50702>20111027</C50702>
      <C50703>102</C50703>
    </ns0:C507>
  </ns0:DTM>
  <ns0:DTM>
    <ns0:C507>
      <C50701>137</C50701>
      <C50702>20111027</C50702>
      <C50703>102</C50703>
    </ns0:C507>
  </ns0:DTM>
  <ns0:RFFLoop1>
    <ns0:RFF>
      <ns0:C506>
        <C50601>ON</C50601>
        <C50602>18046697</C50602>
      </ns0:C506>
    </ns0:RFF>
  </ns0:RFFLoop1>
  <ns0:RFFLoop1>
    <ns0:RFF>
      <ns0:C506>
        <C50601>VN</C50601>
        <C50602>520796</C50602>
      </ns0:C506>
    </ns0:RFF>
    <ns0:DTM_2>
      <ns0:C507_2>
        <C50701>171</C50701>
        <C50702>20111026</C50702>
        <C50703>102</C50703>
      </ns0:C507_2>
    </ns0:DTM_2>
  </ns0:RFFLoop1>
  <ns0:RFFLoop1>
    <ns0:RFF>
      <ns0:C506>
        <C50601>ABO</C50601>
        <C50602>ARPS0016982</C50602>
      </ns0:C506>
    </ns0:RFF>
    <ns0:DTM_2>
      <ns0:C507_2>
        <C50701>171</C50701>
        <C50702>20111027</C50702>
        <C50703>102</C50703>
      </ns0:C507_2>
    </ns0:DTM_2>
  </ns0:RFFLoop1>
  <ns0:NADLoop1>
    <ns0:NAD>
      <NAD01>IV</NAD01>
      <ns0:C082>
        <C08201>5790000256846</C08201>
        <C08203>9</C08203>
      </ns0:C082>
      <ns0:C058>
        <C05801>Dagrofa/Engros (Foodservice Danmark</C05801>
        <C05802>Stamholmen 175</C05802>
        <C05803>DK-2650  Hvidovre</C05803>
        <C05805>2650 Hvidovre</C05805>
      </ns0:C058>
      <NAD09>DK</NAD09>
    </ns0:NAD>
  </ns0:NADLoop1>
  <ns0:NADLoop1>
    <ns0:NAD>
      <NAD01>BY</NAD01>
      <ns0:C082>
        <C08201>5790000256846</C08201>
        <C08203>9</C08203>
      </ns0:C082>
      <ns0:C058>
        <C05801>Dagrofa/Engros (Foodservice Danmark</C05801>
        <C05802>Stamholmen 175</C05802>
        <C05803>DK-2650  Hvidovre</C05803>
        <C05805>2650 Hvidovre</C05805>
      </ns0:C058>
      <NAD09>DK</NAD09>
    </ns0:NAD>
  </ns0:NADLoop1>
  <ns0:NADLoop1>
    <ns0:NAD>
      <NAD01>DP</NAD01>
      <ns0:C082>
        <C08201>5790000003723</C08201>
        <C08203>9</C08203>
      </ns0:C082>
      <ns0:C058>
        <C05801>S/Engros Randers</C05801>
        <C05802>Alfred Nobels Vej 2</C05802>
        <C05803>DK-8920  Randers NV</C05803>
        <C05805>8920 Randers NV</C05805>
      </ns0:C058>
      <NAD09>DK</NAD09>
    </ns0:NAD>
  </ns0:NADLoop1>
  <ns0:NADLoop1>
    <ns0:NAD>
      <NAD01>SU</NAD01>
      <ns0:C082>
        <C08201>5790000000555</C08201>
        <C08203>9</C08203>
      </ns0:C082>
    </ns0:NAD>
    <ns0:RFFLoop2>
      <ns0:RFF_2>
        <ns0:C506_2>
          <C50601>XA</C50601>
          <C50602>37249211</C50602>
        </ns0:C506_2>
      </ns0:RFF_2>
    </ns0:RFFLoop2>
  </ns0:NADLoop1>
  <ns0:TAXLoop1>
    <ns0:TAX>
      <TAX01>7</TAX01>
      <ns0:C241>
        <C24101>VAT</C24101>
      </ns0:C241>
      <ns0:C243>
        <C24304>25.00</C24304>
      </ns0:C243>
      <TAX06>S</TAX06>
    </ns0:TAX>
  </ns0:TAXLoop1>
  <ns0:CUXLoop1>
    <ns0:CUX>
      <ns0:C504>
        <C50401>2</C50401>
        <C50402>DKK</C50402>
        <C50403>4</C50403>
      </ns0:C504>
    </ns0:CUX>
  </ns0:CUXLoop1>
  <ns0:PATLoop1>
    <ns0:PAT>
      <PAT01>2</PAT01>
      <ns0:C112>
        <C11201>5</C11201>
        <C11202>1</C11202>
        <C11203>D</C11203>
        <C11204>28</C11204>
      </ns0:C112>
    </ns0:PAT>
  </ns0:PATLoop1>
  <ns0:LINLoop1>
    <ns0:LIN>
      <LIN01>1</LIN01>
      <ns0:C212>
        <C21201>5701536801769</C21201>
        <C21202>EN</C21202>
      </ns0:C212>
    </ns0:LIN>
    <ns0:PIA>
      <PIA01>1</PIA01>
      <ns0:C212_2>
        <C21201>80176</C21201>
        <C21202>SA</C21202>
      </ns0:C212_2>
    </ns0:PIA>
    <ns0:QTY_2>
      <ns0:C186_2>
        <C18601>47</C18601>
        <C18602>2.00</C18602>
      </ns0:C186_2>
    </ns0:QTY_2>
    <ns0:MOALoop2>
      <ns0:MOA_5>
        <ns0:C516_5>
          <C51601>203</C51601>
          <C51602>128.95</C51602>
        </ns0:C516_5>
      </ns0:MOA_5>
    </ns0:MOALoop2>
    <ns0:PRILoop1>
      <ns0:PRI>
        <ns0:C509>
          <C50901>AAA</C50901>
          <C50902>64.48</C50902>
          <C50905>1</C50905>
        </ns0:C509>
      </ns0:PRI>
    </ns0:PRILoop1>
    <ns0:PRILoop1>
      <ns0:PRI>
        <ns0:C509>
          <C50901>AAB</C50901>
          <C50902>70.08</C50902>
          <C50905>1</C50905>
        </ns0:C509>
      </ns0:PRI>
    </ns0:PRILoop1>
    <ns0:ALCLoop2>
      <ns0:ALC_2>
        <ALC01>A</ALC01>
      </ns0:ALC_2>
      <ns0:MOALoop3>
        <ns0:MOA_8>
          <ns0:C516_8>
            <C51601>52</C51601>
            <C51602>11.21</C51602>
          </ns0:C516_8>
        </ns0:MOA_8>
      </ns0:MOALoop3>
    </ns0:ALCLoop2>
  </ns0:LINLoop1>
  <ns0:LINLoop1>
    <ns0:LIN>
      <LIN01>2</LIN01>
      <ns0:C212>
        <C21201>5701536802339</C21201>
        <C21202>EN</C21202>
      </ns0:C212>
    </ns0:LIN>
    <ns0:PIA>
      <PIA01>1</PIA01>
      <ns0:C212_2>
        <C21201>80233</C21201>
        <C21202>SA</C21202>
      </ns0:C212_2>
    </ns0:PIA>
    <ns0:QTY_2>
      <ns0:C186_2>
        <C18601>47</C18601>
        <C18602>2.00</C18602>
      </ns0:C186_2>
    </ns0:QTY_2>
    <ns0:MOALoop2>
      <ns0:MOA_5>
        <ns0:C516_5>
          <C51601>203</C51601>
          <C51602>121.13</C51602>
        </ns0:C516_5>
      </ns0:MOA_5>
    </ns0:MOALoop2>
    <ns0:PRILoop1>
      <ns0:PRI>
        <ns0:C509>
          <C50901>AAA</C50901>
          <C50902>60.57</C50902>
          <C50905>1</C50905>
        </ns0:C509>
      </ns0:PRI>
    </ns0:PRILoop1>
    <ns0:PRILoop1>
      <ns0:PRI>
        <ns0:C509>
          <C50901>AAB</C50901>
          <C50902>65.83</C50902>
          <C50905>1</C50905>
        </ns0:C509>
      </ns0:PRI>
    </ns0:PRILoop1>
    <ns0:ALCLoop2>
      <ns0:ALC_2>
        <ALC01>A</ALC01>
      </ns0:ALC_2>
      <ns0:MOALoop3>
        <ns0:MOA_8>
          <ns0:C516_8>
            <C51601>52</C51601>
            <C51602>10.53</C51602>
          </ns0:C516_8>
        </ns0:MOA_8>
      </ns0:MOALoop3>
    </ns0:ALCLoop2>
  </ns0:LINLoop1>
  <ns0:LINLoop1>
    <ns0:LIN>
      <LIN01>3</LIN01>
      <ns0:C212>
        <C21201>5701536801639</C21201>
        <C21202>EN</C21202>
      </ns0:C212>
    </ns0:LIN>
    <ns0:PIA>
      <PIA01>1</PIA01>
      <ns0:C212_2>
        <C21201>80163</C21201>
        <C21202>SA</C21202>
      </ns0:C212_2>
    </ns0:PIA>
    <ns0:QTY_2>
      <ns0:C186_2>
        <C18601>47</C18601>
        <C18602>2.00</C18602>
      </ns0:C186_2>
    </ns0:QTY_2>
    <ns0:MOALoop2>
      <ns0:MOA_5>
        <ns0:C516_5>
          <C51601>203</C51601>
          <C51602>121.13</C51602>
        </ns0:C516_5>
      </ns0:MOA_5>
    </ns0:MOALoop2>
    <ns0:PRILoop1>
      <ns0:PRI>
        <ns0:C509>
          <C50901>AAA</C50901>
          <C50902>60.57</C50902>
          <C50905>1</C50905>
        </ns0:C509>
      </ns0:PRI>
    </ns0:PRILoop1>
    <ns0:PRILoop1>
      <ns0:PRI>
        <ns0:C509>
          <C50901>AAB</C50901>
          <C50902>65.83</C50902>
          <C50905>1</C50905>
        </ns0:C509>
      </ns0:PRI>
    </ns0:PRILoop1>
    <ns0:ALCLoop2>
      <ns0:ALC_2>
        <ALC01>A</ALC01>
      </ns0:ALC_2>
      <ns0:MOALoop3>
        <ns0:MOA_8>
          <ns0:C516_8>
            <C51601>52</C51601>
            <C51602>10.53</C51602>
          </ns0:C516_8>
        </ns0:MOA_8>
      </ns0:MOALoop3>
    </ns0:ALCLoop2>
  </ns0:LINLoop1>
  <ns0:LINLoop1>
    <ns0:LIN>
      <LIN01>4</LIN01>
      <ns0:C212>
        <C21201>5701536802407</C21201>
        <C21202>EN</C21202>
      </ns0:C212>
    </ns0:LIN>
    <ns0:PIA>
      <PIA01>1</PIA01>
      <ns0:C212_2>
        <C21201>80240</C21201>
        <C21202>SA</C21202>
      </ns0:C212_2>
    </ns0:PIA>
    <ns0:QTY_2>
      <ns0:C186_2>
        <C18601>47</C18601>
        <C18602>32.00</C18602>
      </ns0:C186_2>
    </ns0:QTY_2>
    <ns0:MOALoop2>
      <ns0:MOA_5>
        <ns0:C516_5>
          <C51601>203</C51601>
          <C51602>2695.53</C51602>
        </ns0:C516_5>
      </ns0:MOA_5>
    </ns0:MOALoop2>
    <ns0:PRILoop1>
      <ns0:PRI>
        <ns0:C509>
          <C50901>AAA</C50901>
          <C50902>84.24</C50902>
          <C50905>1</C50905>
        </ns0:C509>
      </ns0:PRI>
    </ns0:PRILoop1>
    <ns0:PRILoop1>
      <ns0:PRI>
        <ns0:C509>
          <C50901>AAB</C50901>
          <C50902>91.56</C50902>
          <C50905>1</C50905>
        </ns0:C509>
      </ns0:PRI>
    </ns0:PRILoop1>
    <ns0:ALCLoop2>
      <ns0:ALC_2>
        <ALC01>A</ALC01>
      </ns0:ALC_2>
      <ns0:MOALoop3>
        <ns0:MOA_8>
          <ns0:C516_8>
            <C51601>52</C51601>
            <C51602>234.39</C51602>
          </ns0:C516_8>
        </ns0:MOA_8>
      </ns0:MOALoop3>
    </ns0:ALCLoop2>
  </ns0:LINLoop1>
  <ns0:LINLoop1>
    <ns0:LIN>
      <LIN01>5</LIN01>
      <ns0:C212>
        <C21201>5701014035594</C21201>
        <C21202>EN</C21202>
      </ns0:C212>
    </ns0:LIN>
    <ns0:PIA>
      <PIA01>1</PIA01>
      <ns0:C212_2>
        <C21201>80702580</C21201>
        <C21202>SA</C21202>
      </ns0:C212_2>
    </ns0:PIA>
    <ns0:QTY_2>
      <ns0:C186_2>
        <C18601>47</C18601>
        <C18602>2.00</C18602>
      </ns0:C186_2>
    </ns0:QTY_2>
    <ns0:MOALoop2>
      <ns0:MOA_5>
        <ns0:C516_5>
          <C51601>203</C51601>
          <C51602>265.70</C51602>
        </ns0:C516_5>
      </ns0:MOA_5>
    </ns0:MOALoop2>
    <ns0:PRILoop1>
      <ns0:PRI>
        <ns0:C509>
          <C50901>AAA</C50901>
          <C50902>132.85</C50902>
          <C50905>1</C50905>
        </ns0:C509>
      </ns0:PRI>
    </ns0:PRILoop1>
    <ns0:PRILoop1>
      <ns0:PRI>
        <ns0:C509>
          <C50901>AAB</C50901>
          <C50902>144.40</C50902>
          <C50905>1</C50905>
        </ns0:C509>
      </ns0:PRI>
    </ns0:PRILoop1>
    <ns0:ALCLoop2>
      <ns0:ALC_2>
        <ALC01>A</ALC01>
      </ns0:ALC_2>
      <ns0:MOALoop3>
        <ns0:MOA_8>
          <ns0:C516_8>
            <C51601>52</C51601>
            <C51602>23.10</C51602>
          </ns0:C516_8>
        </ns0:MOA_8>
      </ns0:MOALoop3>
    </ns0:ALCLoop2>
  </ns0:LINLoop1>
  <ns0:LINLoop1>
    <ns0:LIN>
      <LIN01>6</LIN01>
      <ns0:C212>
        <C21201>5701536805699</C21201>
        <C21202>EN</C21202>
      </ns0:C212>
    </ns0:LIN>
    <ns0:PIA>
      <PIA01>1</PIA01>
      <ns0:C212_2>
        <C21201>80569</C21201>
        <C21202>SA</C21202>
      </ns0:C212_2>
    </ns0:PIA>
    <ns0:QTY_2>
      <ns0:C186_2>
        <C18601>47</C18601>
        <C18602>4.00</C18602>
      </ns0:C186_2>
    </ns0:QTY_2>
    <ns0:MOALoop2>
      <ns0:MOA_5>
        <ns0:C516_5>
          <C51601>203</C51601>
          <C51602>319.31</C51602>
        </ns0:C516_5>
      </ns0:MOA_5>
    </ns0:MOALoop2>
    <ns0:PRILoop1>
      <ns0:PRI>
        <ns0:C509>
          <C50901>AAA</C50901>
          <C50902>79.83</C50902>
          <C50905>1</C50905>
        </ns0:C509>
      </ns0:PRI>
    </ns0:PRILoop1>
    <ns0:PRILoop1>
      <ns0:PRI>
        <ns0:C509>
          <C50901>AAB</C50901>
          <C50902>86.77</C50902>
          <C50905>1</C50905>
        </ns0:C509>
      </ns0:PRI>
    </ns0:PRILoop1>
    <ns0:ALCLoop2>
      <ns0:ALC_2>
        <ALC01>A</ALC01>
      </ns0:ALC_2>
      <ns0:MOALoop3>
        <ns0:MOA_8>
          <ns0:C516_8>
            <C51601>52</C51601>
            <C51602>27.77</C51602>
          </ns0:C516_8>
        </ns0:MOA_8>
      </ns0:MOALoop3>
    </ns0:ALCLoop2>
  </ns0:LINLoop1>
  <ns0:LINLoop1>
    <ns0:LIN>
      <LIN01>7</LIN01>
      <ns0:C212>
        <C21201>5701536805682</C21201>
        <C21202>EN</C21202>
      </ns0:C212>
    </ns0:LIN>
    <ns0:PIA>
      <PIA01>1</PIA01>
      <ns0:C212_2>
        <C21201>80568</C21201>
        <C21202>SA</C21202>
      </ns0:C212_2>
    </ns0:PIA>
    <ns0:QTY_2>
      <ns0:C186_2>
        <C18601>47</C18601>
        <C18602>3.00</C18602>
      </ns0:C186_2>
    </ns0:QTY_2>
    <ns0:MOALoop2>
      <ns0:MOA_5>
        <ns0:C516_5>
          <C51601>203</C51601>
          <C51602>272.30</C51602>
        </ns0:C516_5>
      </ns0:MOA_5>
    </ns0:MOALoop2>
    <ns0:PRILoop1>
      <ns0:PRI>
        <ns0:C509>
          <C50901>AAA</C50901>
          <C50902>90.77</C50902>
          <C50905>1</C50905>
        </ns0:C509>
      </ns0:PRI>
    </ns0:PRILoop1>
    <ns0:PRILoop1>
      <ns0:PRI>
        <ns0:C509>
          <C50901>AAB</C50901>
          <C50902>98.66</C50902>
          <C50905>1</C50905>
        </ns0:C509>
      </ns0:PRI>
    </ns0:PRILoop1>
    <ns0:ALCLoop2>
      <ns0:ALC_2>
        <ALC01>A</ALC01>
      </ns0:ALC_2>
      <ns0:MOALoop3>
        <ns0:MOA_8>
          <ns0:C516_8>
            <C51601>52</C51601>
            <C51602>23.68</C51602>
          </ns0:C516_8>
        </ns0:MOA_8>
      </ns0:MOALoop3>
    </ns0:ALCLoop2>
  </ns0:LINLoop1>
  <ns0:LINLoop1>
    <ns0:LIN>
      <LIN01>8</LIN01>
      <ns0:C212>
        <C21201>5701014039059</C21201>
        <C21202>EN</C21202>
      </ns0:C212>
    </ns0:LIN>
    <ns0:PIA>
      <PIA01>1</PIA01>
      <ns0:C212_2>
        <C21201>74002408</C21201>
        <C21202>SA</C21202>
      </ns0:C212_2>
    </ns0:PIA>
    <ns0:QTY_2>
      <ns0:C186_2>
        <C18601>47</C18601>
        <C18602>2.00</C18602>
      </ns0:C186_2>
    </ns0:QTY_2>
    <ns0:MOALoop2>
      <ns0:MOA_5>
        <ns0:C516_5>
          <C51601>203</C51601>
          <C51602>351.55</C51602>
        </ns0:C516_5>
      </ns0:MOA_5>
    </ns0:MOALoop2>
    <ns0:PRILoop1>
      <ns0:PRI>
        <ns0:C509>
          <C50901>AAA</C50901>
          <C50902>175.78</C50902>
          <C50905>1</C50905>
        </ns0:C509>
      </ns0:PRI>
    </ns0:PRILoop1>
    <ns0:PRILoop1>
      <ns0:PRI>
        <ns0:C509>
          <C50901>AAB</C50901>
          <C50902>191.06</C50902>
          <C50905>1</C50905>
        </ns0:C509>
      </ns0:PRI>
    </ns0:PRILoop1>
    <ns0:ALCLoop2>
      <ns0:ALC_2>
        <ALC01>A</ALC01>
      </ns0:ALC_2>
      <ns0:MOALoop3>
        <ns0:MOA_8>
          <ns0:C516_8>
            <C51601>52</C51601>
            <C51602>30.57</C51602>
          </ns0:C516_8>
        </ns0:MOA_8>
      </ns0:MOALoop3>
    </ns0:ALCLoop2>
  </ns0:LINLoop1>
  <ns0:LINLoop1>
    <ns0:LIN>
      <LIN01>9</LIN01>
      <ns0:C212>
        <C21201>5701536801233</C21201>
        <C21202>EN</C21202>
      </ns0:C212>
    </ns0:LIN>
    <ns0:PIA>
      <PIA01>1</PIA01>
      <ns0:C212_2>
        <C21201>80123</C21201>
        <C21202>SA</C21202>
      </ns0:C212_2>
    </ns0:PIA>
    <ns0:QTY_2>
      <ns0:C186_2>
        <C18601>47</C18601>
        <C18602>1.00</C18602>
      </ns0:C186_2>
    </ns0:QTY_2>
    <ns0:MOALoop2>
      <ns0:MOA_5>
        <ns0:C516_5>
          <C51601>203</C51601>
          <C51602>84.52</C51602>
        </ns0:C516_5>
      </ns0:MOA_5>
    </ns0:MOALoop2>
    <ns0:PRILoop1>
      <ns0:PRI>
        <ns0:C509>
          <C50901>AAA</C50901>
          <C50902>84.52</C50902>
          <C50905>1</C50905>
        </ns0:C509>
      </ns0:PRI>
    </ns0:PRILoop1>
    <ns0:PRILoop1>
      <ns0:PRI>
        <ns0:C509>
          <C50901>AAB</C50901>
          <C50902>91.87</C50902>
          <C50905>1</C50905>
        </ns0:C509>
      </ns0:PRI>
    </ns0:PRILoop1>
    <ns0:ALCLoop2>
      <ns0:ALC_2>
        <ALC01>A</ALC01>
      </ns0:ALC_2>
      <ns0:MOALoop3>
        <ns0:MOA_8>
          <ns0:C516_8>
            <C51601>52</C51601>
            <C51602>7.35</C51602>
          </ns0:C516_8>
        </ns0:MOA_8>
      </ns0:MOALoop3>
    </ns0:ALCLoop2>
  </ns0:LINLoop1>
  <ns0:LINLoop1>
    <ns0:LIN>
      <LIN01>10</LIN01>
      <ns0:C212>
        <C21201>5701536804807</C21201>
        <C21202>EN</C21202>
      </ns0:C212>
    </ns0:LIN>
    <ns0:PIA>
      <PIA01>1</PIA01>
      <ns0:C212_2>
        <C21201>80480</C21201>
        <C21202>SA</C21202>
      </ns0:C212_2>
    </ns0:PIA>
    <ns0:QTY_2>
      <ns0:C186_2>
        <C18601>47</C18601>
        <C18602>1.00</C18602>
      </ns0:C186_2>
    </ns0:QTY_2>
    <ns0:MOALoop2>
      <ns0:MOA_5>
        <ns0:C516_5>
          <C51601>203</C51601>
          <C51602>107.60</C51602>
        </ns0:C516_5>
      </ns0:MOA_5>
    </ns0:MOALoop2>
    <ns0:PRILoop1>
      <ns0:PRI>
        <ns0:C509>
          <C50901>AAA</C50901>
          <C50902>107.60</C50902>
          <C50905>1</C50905>
        </ns0:C509>
      </ns0:PRI>
    </ns0:PRILoop1>
    <ns0:PRILoop1>
      <ns0:PRI>
        <ns0:C509>
          <C50901>AAB</C50901>
          <C50902>116.96</C50902>
          <C50905>1</C50905>
        </ns0:C509>
      </ns0:PRI>
    </ns0:PRILoop1>
    <ns0:ALCLoop2>
      <ns0:ALC_2>
        <ALC01>A</ALC01>
      </ns0:ALC_2>
      <ns0:MOALoop3>
        <ns0:MOA_8>
          <ns0:C516_8>
            <C51601>52</C51601>
            <C51602>9.36</C51602>
          </ns0:C516_8>
        </ns0:MOA_8>
      </ns0:MOALoop3>
    </ns0:ALCLoop2>
  </ns0:LINLoop1>
  <ns0:LINLoop1>
    <ns0:LIN>
      <LIN01>11</LIN01>
      <ns0:C212>
        <C21201>5701014027629</C21201>
        <C21202>EN</C21202>
      </ns0:C212>
    </ns0:LIN>
    <ns0:PIA>
      <PIA01>1</PIA01>
      <ns0:C212_2>
        <C21201>30406518</C21201>
        <C21202>SA</C21202>
      </ns0:C212_2>
    </ns0:PIA>
    <ns0:QTY_2>
      <ns0:C186_2>
        <C18601>47</C18601>
        <C18602>2.00</C18602>
      </ns0:C186_2>
    </ns0:QTY_2>
    <ns0:MOALoop2>
      <ns0:MOA_5>
        <ns0:C516_5>
          <C51601>203</C51601>
          <C51602>226.65</C51602>
        </ns0:C516_5>
      </ns0:MOA_5>
    </ns0:MOALoop2>
    <ns0:PRILoop1>
      <ns0:PRI>
        <ns0:C509>
          <C50901>AAA</C50901>
          <C50902>113.33</C50902>
          <C50905>1</C50905>
        </ns0:C509>
      </ns0:PRI>
    </ns0:PRILoop1>
    <ns0:PRILoop1>
      <ns0:PRI>
        <ns0:C509>
          <C50901>AAB</C50901>
          <C50902>123.18</C50902>
          <C50905>1</C50905>
        </ns0:C509>
      </ns0:PRI>
    </ns0:PRILoop1>
    <ns0:ALCLoop2>
      <ns0:ALC_2>
        <ALC01>A</ALC01>
      </ns0:ALC_2>
      <ns0:MOALoop3>
        <ns0:MOA_8>
          <ns0:C516_8>
            <C51601>52</C51601>
            <C51602>19.71</C51602>
          </ns0:C516_8>
        </ns0:MOA_8>
      </ns0:MOALoop3>
    </ns0:ALCLoop2>
  </ns0:LINLoop1>
  <ns0:LINLoop1>
    <ns0:LIN>
      <LIN01>12</LIN01>
      <ns0:C212>
        <C21201>5701536803459</C21201>
        <C21202>EN</C21202>
      </ns0:C212>
    </ns0:LIN>
    <ns0:PIA>
      <PIA01>1</PIA01>
      <ns0:C212_2>
        <C21201>80345</C21201>
        <C21202>SA</C21202>
      </ns0:C212_2>
    </ns0:PIA>
    <ns0:QTY_2>
      <ns0:C186_2>
        <C18601>47</C18601>
        <C18602>2.00</C18602>
      </ns0:C186_2>
    </ns0:QTY_2>
    <ns0:MOALoop2>
      <ns0:MOA_5>
        <ns0:C516_5>
          <C51601>203</C51601>
          <C51602>258.17</C51602>
        </ns0:C516_5>
      </ns0:MOA_5>
    </ns0:MOALoop2>
    <ns0:PRILoop1>
      <ns0:PRI>
        <ns0:C509>
          <C50901>AAA</C50901>
          <C50902>129.09</C50902>
          <C50905>1</C50905>
        </ns0:C509>
      </ns0:PRI>
    </ns0:PRILoop1>
    <ns0:PRILoop1>
      <ns0:PRI>
        <ns0:C509>
          <C50901>AAB</C50901>
          <C50902>140.69</C50902>
          <C50905>1</C50905>
        </ns0:C509>
      </ns0:PRI>
    </ns0:PRILoop1>
    <ns0:ALCLoop2>
      <ns0:ALC_2>
        <ALC01>A</ALC01>
      </ns0:ALC_2>
      <ns0:MOALoop3>
        <ns0:MOA_8>
          <ns0:C516_8>
            <C51601>52</C51601>
            <C51602>23.21</C51602>
          </ns0:C516_8>
        </ns0:MOA_8>
      </ns0:MOALoop3>
    </ns0:ALCLoop2>
  </ns0:LINLoop1>
  <ns0:LINLoop1>
    <ns0:LIN>
      <LIN01>13</LIN01>
      <ns0:C212>
        <C21201>5701536803145</C21201>
        <C21202>EN</C21202>
      </ns0:C212>
    </ns0:LIN>
    <ns0:PIA>
      <PIA01>1</PIA01>
      <ns0:C212_2>
        <C21201>80314</C21201>
        <C21202>SA</C21202>
      </ns0:C212_2>
    </ns0:PIA>
    <ns0:QTY_2>
      <ns0:C186_2>
        <C18601>47</C18601>
        <C18602>4.00</C18602>
      </ns0:C186_2>
    </ns0:QTY_2>
    <ns0:MOALoop2>
      <ns0:MOA_5>
        <ns0:C516_5>
          <C51601>203</C51601>
          <C51602>442.78</C51602>
        </ns0:C516_5>
      </ns0:MOA_5>
    </ns0:MOALoop2>
    <ns0:PRILoop1>
      <ns0:PRI>
        <ns0:C509>
          <C50901>AAA</C50901>
          <C50902>110.70</C50902>
          <C50905>1</C50905>
        </ns0:C509>
      </ns0:PRI>
    </ns0:PRILoop1>
    <ns0:PRILoop1>
      <ns0:PRI>
        <ns0:C509>
          <C50901>AAB</C50901>
          <C50902>120.32</C50902>
          <C50905>1</C50905>
        </ns0:C509>
      </ns0:PRI>
    </ns0:PRILoop1>
    <ns0:ALCLoop2>
      <ns0:ALC_2>
        <ALC01>A</ALC01>
      </ns0:ALC_2>
      <ns0:MOALoop3>
        <ns0:MOA_8>
          <ns0:C516_8>
            <C51601>52</C51601>
            <C51602>38.50</C51602>
          </ns0:C516_8>
        </ns0:MOA_8>
      </ns0:MOALoop3>
    </ns0:ALCLoop2>
  </ns0:LINLoop1>
  <ns0:LINLoop1>
    <ns0:LIN>
      <LIN01>14</LIN01>
      <ns0:C212>
        <C21201>5701536803244</C21201>
        <C21202>EN</C21202>
      </ns0:C212>
    </ns0:LIN>
    <ns0:PIA>
      <PIA01>1</PIA01>
      <ns0:C212_2>
        <C21201>80324</C21201>
        <C21202>SA</C21202>
      </ns0:C212_2>
    </ns0:PIA>
    <ns0:QTY_2>
      <ns0:C186_2>
        <C18601>47</C18601>
        <C18602>6.00</C18602>
      </ns0:C186_2>
    </ns0:QTY_2>
    <ns0:MOALoop2>
      <ns0:MOA_5>
        <ns0:C516_5>
          <C51601>203</C51601>
          <C51602>586.78</C51602>
        </ns0:C516_5>
      </ns0:MOA_5>
    </ns0:MOALoop2>
    <ns0:PRILoop1>
      <ns0:PRI>
        <ns0:C509>
          <C50901>AAA</C50901>
          <C50902>97.80</C50902>
          <C50905>1</C50905>
        </ns0:C509>
      </ns0:PRI>
    </ns0:PRILoop1>
    <ns0:PRILoop1>
      <ns0:PRI>
        <ns0:C509>
          <C50901>AAB</C50901>
          <C50902>106.59</C50902>
          <C50905>1</C50905>
        </ns0:C509>
      </ns0:PRI>
    </ns0:PRILoop1>
    <ns0:ALCLoop2>
      <ns0:ALC_2>
        <ALC01>A</ALC01>
      </ns0:ALC_2>
      <ns0:MOALoop3>
        <ns0:MOA_8>
          <ns0:C516_8>
            <C51601>52</C51601>
            <C51602>52.76</C51602>
          </ns0:C516_8>
        </ns0:MOA_8>
      </ns0:MOALoop3>
    </ns0:ALCLoop2>
  </ns0:LINLoop1>
  <ns0:LINLoop1>
    <ns0:LIN>
      <LIN01>15</LIN01>
      <ns0:C212>
        <C21201>5701536802032</C21201>
        <C21202>EN</C21202>
      </ns0:C212>
    </ns0:LIN>
    <ns0:PIA>
      <PIA01>1</PIA01>
      <ns0:C212_2>
        <C21201>80203</C21201>
        <C21202>SA</C21202>
      </ns0:C212_2>
    </ns0:PIA>
    <ns0:QTY_2>
      <ns0:C186_2>
        <C18601>47</C18601>
        <C18602>1.00</C18602>
      </ns0:C186_2>
    </ns0:QTY_2>
    <ns0:MOALoop2>
      <ns0:MOA_5>
        <ns0:C516_5>
          <C51601>203</C51601>
          <C51602>88.37</C51602>
        </ns0:C516_5>
      </ns0:MOA_5>
    </ns0:MOALoop2>
    <ns0:PRILoop1>
      <ns0:PRI>
        <ns0:C509>
          <C50901>AAA</C50901>
          <C50902>88.37</C50902>
          <C50905>1</C50905>
        </ns0:C509>
      </ns0:PRI>
    </ns0:PRILoop1>
    <ns0:PRILoop1>
      <ns0:PRI>
        <ns0:C509>
          <C50901>AAB</C50901>
          <C50902>96.32</C50902>
          <C50905>1</C50905>
        </ns0:C509>
      </ns0:PRI>
    </ns0:PRILoop1>
    <ns0:ALCLoop2>
      <ns0:ALC_2>
        <ALC01>A</ALC01>
      </ns0:ALC_2>
      <ns0:MOALoop3>
        <ns0:MOA_8>
          <ns0:C516_8>
            <C51601>52</C51601>
            <C51602>7.95</C51602>
          </ns0:C516_8>
        </ns0:MOA_8>
      </ns0:MOALoop3>
    </ns0:ALCLoop2>
  </ns0:LINLoop1>
  <ns0:LINLoop1>
    <ns0:LIN>
      <LIN01>16</LIN01>
      <ns0:C212>
        <C21201>5701536804081</C21201>
        <C21202>EN</C21202>
      </ns0:C212>
    </ns0:LIN>
    <ns0:PIA>
      <PIA01>1</PIA01>
      <ns0:C212_2>
        <C21201>80408</C21201>
        <C21202>SA</C21202>
      </ns0:C212_2>
    </ns0:PIA>
    <ns0:QTY_2>
      <ns0:C186_2>
        <C18601>47</C18601>
        <C18602>3.00</C18602>
      </ns0:C186_2>
    </ns0:QTY_2>
    <ns0:MOALoop2>
      <ns0:MOA_5>
        <ns0:C516_5>
          <C51601>203</C51601>
          <C51602>210.39</C51602>
        </ns0:C516_5>
      </ns0:MOA_5>
    </ns0:MOALoop2>
    <ns0:PRILoop1>
      <ns0:PRI>
        <ns0:C509>
          <C50901>AAA</C50901>
          <C50902>70.13</C50902>
          <C50905>1</C50905>
        </ns0:C509>
      </ns0:PRI>
    </ns0:PRILoop1>
    <ns0:PRILoop1>
      <ns0:PRI>
        <ns0:C509>
          <C50901>AAB</C50901>
          <C50902>76.23</C50902>
          <C50905>1</C50905>
        </ns0:C509>
      </ns0:PRI>
    </ns0:PRILoop1>
    <ns0:ALCLoop2>
      <ns0:ALC_2>
        <ALC01>A</ALC01>
      </ns0:ALC_2>
      <ns0:MOALoop3>
        <ns0:MOA_8>
          <ns0:C516_8>
            <C51601>52</C51601>
            <C51602>18.30</C51602>
          </ns0:C516_8>
        </ns0:MOA_8>
      </ns0:MOALoop3>
    </ns0:ALCLoop2>
  </ns0:LINLoop1>
  <ns0:LINLoop1>
    <ns0:LIN>
      <LIN01>17</LIN01>
      <ns0:C212>
        <C21201>5701536806559</C21201>
        <C21202>EN</C21202>
      </ns0:C212>
    </ns0:LIN>
    <ns0:PIA>
      <PIA01>1</PIA01>
      <ns0:C212_2>
        <C21201>80655</C21201>
        <C21202>SA</C21202>
      </ns0:C212_2>
    </ns0:PIA>
    <ns0:QTY_2>
      <ns0:C186_2>
        <C18601>47</C18601>
        <C18602>2.00</C18602>
      </ns0:C186_2>
    </ns0:QTY_2>
    <ns0:MOALoop2>
      <ns0:MOA_5>
        <ns0:C516_5>
          <C51601>203</C51601>
          <C51602>139.49</C51602>
        </ns0:C516_5>
      </ns0:MOA_5>
    </ns0:MOALoop2>
    <ns0:PRILoop1>
      <ns0:PRI>
        <ns0:C509>
          <C50901>AAA</C50901>
          <C50902>69.75</C50902>
          <C50905>1</C50905>
        </ns0:C509>
      </ns0:PRI>
    </ns0:PRILoop1>
    <ns0:PRILoop1>
      <ns0:PRI>
        <ns0:C509>
          <C50901>AAB</C50901>
          <C50902>75.81</C50902>
          <C50905>1</C50905>
        </ns0:C509>
      </ns0:PRI>
    </ns0:PRILoop1>
    <ns0:ALCLoop2>
      <ns0:ALC_2>
        <ALC01>A</ALC01>
      </ns0:ALC_2>
      <ns0:MOALoop3>
        <ns0:MOA_8>
          <ns0:C516_8>
            <C51601>52</C51601>
            <C51602>12.13</C51602>
          </ns0:C516_8>
        </ns0:MOA_8>
      </ns0:MOALoop3>
    </ns0:ALCLoop2>
  </ns0:LINLoop1>
  <ns0:LINLoop1>
    <ns0:LIN>
      <LIN01>18</LIN01>
      <ns0:C212>
        <C21201>5701536802841</C21201>
        <C21202>EN</C21202>
      </ns0:C212>
    </ns0:LIN>
    <ns0:PIA>
      <PIA01>1</PIA01>
      <ns0:C212_2>
        <C21201>80284</C21201>
        <C21202>SA</C21202>
      </ns0:C212_2>
    </ns0:PIA>
    <ns0:QTY_2>
      <ns0:C186_2>
        <C18601>47</C18601>
        <C18602>4.00</C18602>
      </ns0:C186_2>
    </ns0:QTY_2>
    <ns0:MOALoop2>
      <ns0:MOA_5>
        <ns0:C516_5>
          <C51601>203</C51601>
          <C51602>544.64</C51602>
        </ns0:C516_5>
      </ns0:MOA_5>
    </ns0:MOALoop2>
    <ns0:PRILoop1>
      <ns0:PRI>
        <ns0:C509>
          <C50901>AAA</C50901>
          <C50902>136.16</C50902>
          <C50905>1</C50905>
        </ns0:C509>
      </ns0:PRI>
    </ns0:PRILoop1>
    <ns0:PRILoop1>
      <ns0:PRI>
        <ns0:C509>
          <C50901>AAB</C50901>
          <C50902>148.00</C50902>
          <C50905>1</C50905>
        </ns0:C509>
      </ns0:PRI>
    </ns0:PRILoop1>
    <ns0:ALCLoop2>
      <ns0:ALC_2>
        <ALC01>A</ALC01>
      </ns0:ALC_2>
      <ns0:MOALoop3>
        <ns0:MOA_8>
          <ns0:C516_8>
            <C51601>52</C51601>
            <C51602>47.36</C51602>
          </ns0:C516_8>
        </ns0:MOA_8>
      </ns0:MOALoop3>
    </ns0:ALCLoop2>
  </ns0:LINLoop1>
  <ns0:LINLoop1>
    <ns0:LIN>
      <LIN01>19</LIN01>
      <ns0:C212>
        <C21201>5701536801653</C21201>
        <C21202>EN</C21202>
      </ns0:C212>
    </ns0:LIN>
    <ns0:PIA>
      <PIA01>1</PIA01>
      <ns0:C212_2>
        <C21201>80165</C21201>
        <C21202>SA</C21202>
      </ns0:C212_2>
    </ns0:PIA>
    <ns0:QTY_2>
      <ns0:C186_2>
        <C18601>47</C18601>
        <C18602>40.00</C18602>
      </ns0:C186_2>
    </ns0:QTY_2>
    <ns0:MOALoop2>
      <ns0:MOA_5>
        <ns0:C516_5>
          <C51601>203</C51601>
          <C51602>2501.30</C51602>
        </ns0:C516_5>
      </ns0:MOA_5>
    </ns0:MOALoop2>
    <ns0:PRILoop1>
      <ns0:PRI>
        <ns0:C509>
          <C50901>AAA</C50901>
          <C50902>62.53</C50902>
          <C50905>1</C50905>
        </ns0:C509>
      </ns0:PRI>
    </ns0:PRILoop1>
    <ns0:PRILoop1>
      <ns0:PRI>
        <ns0:C509>
          <C50901>AAB</C50901>
          <C50902>67.97</C50902>
          <C50905>1</C50905>
        </ns0:C509>
      </ns0:PRI>
    </ns0:PRILoop1>
    <ns0:ALCLoop2>
      <ns0:ALC_2>
        <ALC01>A</ALC01>
      </ns0:ALC_2>
      <ns0:MOALoop3>
        <ns0:MOA_8>
          <ns0:C516_8>
            <C51601>52</C51601>
            <C51602>217.50</C51602>
          </ns0:C516_8>
        </ns0:MOA_8>
      </ns0:MOALoop3>
    </ns0:ALCLoop2>
  </ns0:LINLoop1>
  <ns0:LINLoop1>
    <ns0:LIN>
      <LIN01>20</LIN01>
      <ns0:C212>
        <C21201>5701076028015</C21201>
        <C21202>EN</C21202>
      </ns0:C212>
    </ns0:LIN>
    <ns0:PIA>
      <PIA01>1</PIA01>
      <ns0:C212_2>
        <C21201>80302801</C21201>
        <C21202>SA</C21202>
      </ns0:C212_2>
    </ns0:PIA>
    <ns0:QTY_2>
      <ns0:C186_2>
        <C18601>47</C18601>
        <C18602>1.00</C18602>
      </ns0:C186_2>
    </ns0:QTY_2>
    <ns0:MOALoop2>
      <ns0:MOA_5>
        <ns0:C516_5>
          <C51601>203</C51601>
          <C51602>79.54</C51602>
        </ns0:C516_5>
      </ns0:MOA_5>
    </ns0:MOALoop2>
    <ns0:PRILoop1>
      <ns0:PRI>
        <ns0:C509>
          <C50901>AAA</C50901>
          <C50902>79.54</C50902>
          <C50905>1</C50905>
        </ns0:C509>
      </ns0:PRI>
    </ns0:PRILoop1>
    <ns0:PRILoop1>
      <ns0:PRI>
        <ns0:C509>
          <C50901>AAB</C50901>
          <C50902>97.30</C50902>
          <C50905>1</C50905>
        </ns0:C509>
      </ns0:PRI>
    </ns0:PRILoop1>
    <ns0:ALCLoop2>
      <ns0:ALC_2>
        <ALC01>A</ALC01>
      </ns0:ALC_2>
      <ns0:MOALoop3>
        <ns0:MOA_8>
          <ns0:C516_8>
            <C51601>52</C51601>
            <C51602>17.76</C51602>
          </ns0:C516_8>
        </ns0:MOA_8>
      </ns0:MOALoop3>
    </ns0:ALCLoop2>
  </ns0:LINLoop1>
  <ns0:LINLoop1>
    <ns0:LIN>
      <LIN01>21</LIN01>
      <ns0:C212>
        <C21201>5701014020040</C21201>
        <C21202>EN</C21202>
      </ns0:C212>
    </ns0:LIN>
    <ns0:PIA>
      <PIA01>1</PIA01>
      <ns0:C212_2>
        <C21201>80303811</C21201>
        <C21202>SA</C21202>
      </ns0:C212_2>
    </ns0:PIA>
    <ns0:QTY_2>
      <ns0:C186_2>
        <C18601>47</C18601>
        <C18602>10.00</C18602>
      </ns0:C186_2>
    </ns0:QTY_2>
    <ns0:MOALoop2>
      <ns0:MOA_5>
        <ns0:C516_5>
          <C51601>203</C51601>
          <C51602>1462.97</C51602>
        </ns0:C516_5>
      </ns0:MOA_5>
    </ns0:MOALoop2>
    <ns0:PRILoop1>
      <ns0:PRI>
        <ns0:C509>
          <C50901>AAA</C50901>
          <C50902>146.30</C50902>
          <C50905>1</C50905>
        </ns0:C509>
      </ns0:PRI>
    </ns0:PRILoop1>
    <ns0:PRILoop1>
      <ns0:PRI>
        <ns0:C509>
          <C50901>AAB</C50901>
          <C50902>166.72</C50902>
          <C50905>1</C50905>
        </ns0:C509>
      </ns0:PRI>
    </ns0:PRILoop1>
    <ns0:ALCLoop2>
      <ns0:ALC_2>
        <ALC01>A</ALC01>
      </ns0:ALC_2>
      <ns0:MOALoop3>
        <ns0:MOA_8>
          <ns0:C516_8>
            <C51601>52</C51601>
            <C51602>204.23</C51602>
          </ns0:C516_8>
        </ns0:MOA_8>
      </ns0:MOALoop3>
    </ns0:ALCLoop2>
  </ns0:LINLoop1>
  <ns0:LINLoop1>
    <ns0:LIN>
      <LIN01>22</LIN01>
      <ns0:C212>
        <C21201>7020712003079</C21201>
        <C21202>EN</C21202>
      </ns0:C212>
    </ns0:LIN>
    <ns0:PIA>
      <PIA01>1</PIA01>
      <ns0:C212_2>
        <C21201>80303128</C21201>
        <C21202>SA</C21202>
      </ns0:C212_2>
    </ns0:PIA>
    <ns0:QTY_2>
      <ns0:C186_2>
        <C18601>47</C18601>
        <C18602>3.00</C18602>
      </ns0:C186_2>
    </ns0:QTY_2>
    <ns0:MOALoop2>
      <ns0:MOA_5>
        <ns0:C516_5>
          <C51601>203</C51601>
          <C51602>289.77</C51602>
        </ns0:C516_5>
      </ns0:MOA_5>
    </ns0:MOALoop2>
    <ns0:PRILoop1>
      <ns0:PRI>
        <ns0:C509>
          <C50901>AAA</C50901>
          <C50902>96.59</C50902>
          <C50905>1</C50905>
        </ns0:C509>
      </ns0:PRI>
    </ns0:PRILoop1>
    <ns0:PRILoop1>
      <ns0:PRI>
        <ns0:C509>
          <C50901>AAB</C50901>
          <C50902>115.33</C50902>
          <C50905>1</C50905>
        </ns0:C509>
      </ns0:PRI>
    </ns0:PRILoop1>
    <ns0:ALCLoop2>
      <ns0:ALC_2>
        <ALC01>A</ALC01>
      </ns0:ALC_2>
      <ns0:MOALoop3>
        <ns0:MOA_8>
          <ns0:C516_8>
            <C51601>52</C51601>
            <C51602>56.22</C51602>
          </ns0:C516_8>
        </ns0:MOA_8>
      </ns0:MOALoop3>
    </ns0:ALCLoop2>
  </ns0:LINLoop1>
  <ns0:LINLoop1>
    <ns0:LIN>
      <LIN01>23</LIN01>
      <ns0:C212>
        <C21201>5701076025328</C21201>
        <C21202>EN</C21202>
      </ns0:C212>
    </ns0:LIN>
    <ns0:PIA>
      <PIA01>1</PIA01>
      <ns0:C212_2>
        <C21201>80302532</C21201>
        <C21202>SA</C21202>
      </ns0:C212_2>
    </ns0:PIA>
    <ns0:QTY_2>
      <ns0:C186_2>
        <C18601>47</C18601>
        <C18602>3.00</C18602>
      </ns0:C186_2>
    </ns0:QTY_2>
    <ns0:MOALoop2>
      <ns0:MOA_5>
        <ns0:C516_5>
          <C51601>203</C51601>
          <C51602>250.39</C51602>
        </ns0:C516_5>
      </ns0:MOA_5>
    </ns0:MOALoop2>
    <ns0:PRILoop1>
      <ns0:PRI>
        <ns0:C509>
          <C50901>AAA</C50901>
          <C50902>83.46</C50902>
          <C50905>1</C50905>
        </ns0:C509>
      </ns0:PRI>
    </ns0:PRILoop1>
    <ns0:PRILoop1>
      <ns0:PRI>
        <ns0:C509>
          <C50901>AAB</C50901>
          <C50902>90.97</C50902>
          <C50905>1</C50905>
        </ns0:C509>
      </ns0:PRI>
    </ns0:PRILoop1>
    <ns0:ALCLoop2>
      <ns0:ALC_2>
        <ALC01>A</ALC01>
      </ns0:ALC_2>
      <ns0:MOALoop3>
        <ns0:MOA_8>
          <ns0:C516_8>
            <C51601>52</C51601>
            <C51602>22.52</C51602>
          </ns0:C516_8>
        </ns0:MOA_8>
      </ns0:MOALoop3>
    </ns0:ALCLoop2>
  </ns0:LINLoop1>
  <ns0:LINLoop1>
    <ns0:LIN>
      <LIN01>24</LIN01>
      <ns0:C212>
        <C21201>7020712003291</C21201>
        <C21202>EN</C21202>
      </ns0:C212>
    </ns0:LIN>
    <ns0:PIA>
      <PIA01>1</PIA01>
      <ns0:C212_2>
        <C21201>80303127</C21201>
        <C21202>SA</C21202>
      </ns0:C212_2>
    </ns0:PIA>
    <ns0:QTY_2>
      <ns0:C186_2>
        <C18601>47</C18601>
        <C18602>3.00</C18602>
      </ns0:C186_2>
    </ns0:QTY_2>
    <ns0:MOALoop2>
      <ns0:MOA_5>
        <ns0:C516_5>
          <C51601>203</C51601>
          <C51602>606.51</C51602>
        </ns0:C516_5>
      </ns0:MOA_5>
    </ns0:MOALoop2>
    <ns0:PRILoop1>
      <ns0:PRI>
        <ns0:C509>
          <C50901>AAA</C50901>
          <C50902>202.17</C50902>
          <C50905>1</C50905>
        </ns0:C509>
      </ns0:PRI>
    </ns0:PRILoop1>
    <ns0:PRILoop1>
      <ns0:PRI>
        <ns0:C509>
          <C50901>AAB</C50901>
          <C50902>220.35</C50902>
          <C50905>1</C50905>
        </ns0:C509>
      </ns0:PRI>
    </ns0:PRILoop1>
    <ns0:ALCLoop2>
      <ns0:ALC_2>
        <ALC01>A</ALC01>
      </ns0:ALC_2>
      <ns0:MOALoop3>
        <ns0:MOA_8>
          <ns0:C516_8>
            <C51601>52</C51601>
            <C51602>54.54</C51602>
          </ns0:C516_8>
        </ns0:MOA_8>
      </ns0:MOALoop3>
    </ns0:ALCLoop2>
  </ns0:LINLoop1>
  <ns0:LINLoop1>
    <ns0:LIN>
      <LIN01>25</LIN01>
      <ns0:C212>
        <C21201>5701014021665</C21201>
        <C21202>EN</C21202>
      </ns0:C212>
    </ns0:LIN>
    <ns0:PIA>
      <PIA01>1</PIA01>
      <ns0:C212_2>
        <C21201>80302130</C21201>
        <C21202>SA</C21202>
      </ns0:C212_2>
    </ns0:PIA>
    <ns0:QTY_2>
      <ns0:C186_2>
        <C18601>47</C18601>
        <C18602>3.00</C18602>
      </ns0:C186_2>
    </ns0:QTY_2>
    <ns0:MOALoop2>
      <ns0:MOA_5>
        <ns0:C516_5>
          <C51601>203</C51601>
          <C51602>280.67</C51602>
        </ns0:C516_5>
      </ns0:MOA_5>
    </ns0:MOALoop2>
    <ns0:PRILoop1>
      <ns0:PRI>
        <ns0:C509>
          <C50901>AAA</C50901>
          <C50902>93.56</C50902>
          <C50905>1</C50905>
        </ns0:C509>
      </ns0:PRI>
    </ns0:PRILoop1>
    <ns0:PRILoop1>
      <ns0:PRI>
        <ns0:C509>
          <C50901>AAB</C50901>
          <C50902>134.13</C50902>
          <C50905>1</C50905>
        </ns0:C509>
      </ns0:PRI>
    </ns0:PRILoop1>
    <ns0:ALCLoop2>
      <ns0:ALC_2>
        <ALC01>A</ALC01>
      </ns0:ALC_2>
      <ns0:MOALoop3>
        <ns0:MOA_8>
          <ns0:C516_8>
            <C51601>52</C51601>
            <C51602>121.72</C51602>
          </ns0:C516_8>
        </ns0:MOA_8>
      </ns0:MOALoop3>
    </ns0:ALCLoop2>
  </ns0:LINLoop1>
  <ns0:UNS>
    <UNS01>S</UNS01>
  </ns0:UNS>
  <ns0:CNT>
    <ns0:C270>
      <C27001>2</C27001>
      <C27002>25</C27002>
    </ns0:C270>
  </ns0:CNT>
  <ns0:MOALoop4>
    <ns0:MOA_10>
      <ns0:C516_10>
        <C51601>79</C51601>
        <C51602>12436.14</C51602>
      </ns0:C516_10>
    </ns0:MOA_10>
  </ns0:MOALoop4>
  <ns0:MOALoop4>
    <ns0:MOA_10>
      <ns0:C516_10>
        <C51601>86</C51601>
        <C51602>15545.20</C51602>
      </ns0:C516_10>
    </ns0:MOA_10>
  </ns0:MOALoop4>
  <ns0:MOALoop4>
    <ns0:MOA_10>
      <ns0:C516_10>
        <C51601>125</C51601>
        <C51602>12436.14</C51602>
      </ns0:C516_10>
    </ns0:MOA_10>
  </ns0:MOALoop4>
  <ns0:MOALoop4>
    <ns0:MOA_10>
      <ns0:C516_10>
        <C51601>176</C51601>
        <C51602>3109.06</C51602>
      </ns0:C516_10>
    </ns0:MOA_10>
  </ns0:MOALoop4>
  <UNT>
    <UNT1>224</UNT1>
    <UNT2>0000277437</UNT2>
  </UNT>
</ns0:EFACT_D93A_INVOIC>