<?xml version="1.0" encoding="utf-8"?>
<BindingInfo xmlns:xsi="http://www.w3.org/2001/XMLSchema-instance" xmlns:xsd="http://www.w3.org/2001/XMLSchema" Assembly="Microsoft.BizTalk.Deployment, Version=3.0.1.0, Culture=neutral, PublicKeyToken=31bf3856ad364e35" Version="3.5.1.0" BindingStatus="FullyBound" BoundEndpoints="2" TotalEndpoints="2">
  <Timestamp>2016-08-02T20:49:41.9674236+02:00</Timestamp>
  <ModuleRefCollection>
    <ModuleRef Name="[Application:Lab7b]" Version="" Culture="" PublicKeyToken="" FullName="[Application:Lab7b], Version=, Culture=, PublicKeyToken=">
      <Services />
      <TrackedSchemas>
        <Schema FullName="Lab7b.Tweet" RootName="Tweet" AssemblyQualifiedName="Lab7b.Tweet,Lab7b, Version=1.0.0.0, Culture=neutral, PublicKeyToken=995c55ea8dfd1666" AlwaysTrackAllProperties="false">
          <TrackedPropertyNames />
        </Schema>
        <Schema FullName="Lab7b.SimpleTypeArray" RootName="ArrayOflong" AssemblyQualifiedName="Lab7b.SimpleTypeArray,Lab7b, Version=1.0.0.0, Culture=neutral, PublicKeyToken=995c55ea8dfd1666" AlwaysTrackAllProperties="false">
          <TrackedPropertyNames />
        </Schema>
        <Schema FullName="Lab7b.Table_dbo" RootName="ArrayOfTweets" AssemblyQualifiedName="Lab7b.Table_dbo,Lab7b, Version=1.0.0.0, Culture=neutral, PublicKeyToken=995c55ea8dfd1666" AlwaysTrackAllProperties="false">
          <TrackedPropertyNames />
        </Schema>
        <Schema FullName="Lab7b.Table_dbo" RootName="Tweets" AssemblyQualifiedName="Lab7b.Table_dbo,Lab7b, Version=1.0.0.0, Culture=neutral, PublicKeyToken=995c55ea8dfd1666" AlwaysTrackAllProperties="false">
          <TrackedPropertyNames />
        </Schema>
        <Schema FullName="Lab7b.TableOperation_dbo_Tweets" RootName="Insert" AssemblyQualifiedName="Lab7b.TableOperation_dbo_Tweets,Lab7b, Version=1.0.0.0, Culture=neutral, PublicKeyToken=995c55ea8dfd1666" AlwaysTrackAllProperties="false">
          <TrackedPropertyNames />
        </Schema>
        <Schema FullName="Lab7b.TableOperation_dbo_Tweets" RootName="InsertResponse" AssemblyQualifiedName="Lab7b.TableOperation_dbo_Tweets,Lab7b, Version=1.0.0.0, Culture=neutral, PublicKeyToken=995c55ea8dfd1666" AlwaysTrackAllProperties="false">
          <TrackedPropertyNames />
        </Schema>
      </TrackedSchemas>
    </ModuleRef>
    <ModuleRef Name="Lab7b" Version="1.0.0.0" Culture="neutral" PublicKeyToken="995c55ea8dfd1666" FullName="Lab7b, Version=1.0.0.0, Culture=neutral, PublicKeyToken=995c55ea8dfd1666">
      <Services>
        <Service Name="Lab7b.TweetProcess" State="Started" TrackingOption="ServiceStartEnd MessageSendReceive OrchestrationEvents" Description="">
          <Ports>
            <Port Name="RcvTweet" Modifier="2" BindingOption="1">
              <SendPortRef xsi:nil="true" />
              <DistributionListRef xsi:nil="true" />
              <ReceivePortRef Name="ReceiveTweets" />
            </Port>
            <Port Name="SndDemoDB" Modifier="1" BindingOption="1">
              <SendPortRef Name="WcfSendPort_SqlAdapterBinding_TableOp_dbo_Tweets_Custom" />
              <DistributionListRef xsi:nil="true" />
              <ReceivePortRef xsi:nil="true" />
            </Port>
          </Ports>
          <Roles />
          <Host Name="BizTalkServerApplication" NTGroupName="BizTalk Application Users" Type="1" Trusted="false" />
        </Service>
      </Services>
      <TrackedSchemas />
    </ModuleRef>
  </ModuleRefCollection>
  <SendPortCollection>
    <SendPort Name="WcfSendPort_SqlAdapterBinding_TableOp_dbo_Tweets_Custom" IsStatic="true" IsTwoWay="true" BindingOption="1">
      <Description>SendPort for SqlAdapterBinding.</Description>
      <TransmitPipeline Name="Microsoft.BizTalk.DefaultPipelines.XMLTransmit" FullyQualifiedName="Microsoft.BizTalk.DefaultPipelines.XMLTransmit, Microsoft.BizTalk.DefaultPipelines, Version=3.0.1.0, Culture=neutral, PublicKeyToken=31bf3856ad364e35" Type="2" TrackingOption="None" Description="" />
      <PrimaryTransport>
        <Address>mssql://.//DemoDB?</Address>
        <TransportType Name="WCF-Custom" Capabilities="907" ConfigurationClsid="af081f69-38ca-4d5b-87df-f0344b12557a" />
        <TransportTypeData>&lt;CustomProps&gt;&lt;BindingType vt="8"&gt;sqlBinding&lt;/BindingType&gt;&lt;BindingConfiguration vt="8"&gt;&amp;lt;binding name="SqlAdapterBinding" maxConnectionPoolSize="100" encrypt="false" workstationId="" useAmbientTransaction="true" batchSize="20" ApplicationIntent="ReadWrite" MultiSubnetFailover="true" polledDataAvailableStatement="" pollingStatement="" pollingIntervalInSeconds="30" pollWhileDataFound="false" notificationStatement="" notifyOnListenerStart="true" enableBizTalkCompatibilityMode="true" chunkSize="4194304" inboundOperationType="Polling" useDatabaseNameInXsdNamespace="false" allowIdentityInsert="false" acceptCredentialsInUri="false" enablePerformanceCounters="false" xmlStoredProcedureRootNodeName="" xmlStoredProcedureRootNodeNamespace="" /&amp;gt;&lt;/BindingConfiguration&gt;&lt;InboundBodyPathExpression vt="8" /&gt;&lt;OutboundBodyLocation vt="8"&gt;UseBodyElement&lt;/OutboundBodyLocation&gt;&lt;AffiliateApplicationName vt="8" /&gt;&lt;StaticAction vt="8"&gt;&amp;lt;BtsActionMapping xmlns:xsi="http://www.w3.org/2001/XMLSchema-instance" xmlns:xsd="http://www.w3.org/2001/XMLSchema"&amp;gt;
  &amp;lt;Operation Name="Insert" Action="TableOp/Insert/dbo/Tweets" /&amp;gt;
&amp;lt;/BtsActionMapping&amp;gt;&lt;/StaticAction&gt;&lt;ProxyAddress vt="8" /&gt;&lt;UserName vt="8" /&gt;&lt;InboundBodyLocation vt="8"&gt;UseBodyElement&lt;/InboundBodyLocation&gt;&lt;ProxyUserName vt="8" /&gt;&lt;OutboundXmlTemplate vt="8"&gt;&amp;lt;bts-msg-body xmlns="http://www.microsoft.com/schemas/bts2007" encoding="xml"/&amp;gt;&lt;/OutboundXmlTemplate&gt;&lt;PropagateFaultMessage vt="11"&gt;-1&lt;/PropagateFaultMessage&gt;&lt;IsolationLevel vt="8"&gt;Serializable&lt;/IsolationLevel&gt;&lt;InboundNodeEncoding vt="8"&gt;Xml&lt;/InboundNodeEncoding&gt;&lt;Identity vt="8" /&gt;&lt;UseSSO vt="11"&gt;0&lt;/UseSSO&gt;&lt;EnableTransaction vt="11"&gt;-1&lt;/EnableTransaction&gt;&lt;/CustomProps&gt;</TransportTypeData>
        <RetryCount>0</RetryCount>
        <RetryInterval>5</RetryInterval>
        <ServiceWindowEnabled>false</ServiceWindowEnabled>
        <FromTime>2000-01-01T00:00:00</FromTime>
        <ToTime>2000-01-01T23:59:59</ToTime>
        <Primary>true</Primary>
        <OrderedDelivery>false</OrderedDelivery>
        <DeliveryNotification>1</DeliveryNotification>
        <SendHandler Name="BizTalkServerApplication" HostTrusted="false">
          <TransportType Name="WCF-Custom" Capabilities="907" ConfigurationClsid="af081f69-38ca-4d5b-87df-f0344b12557a" />
        </SendHandler>
      </PrimaryTransport>
      <SecondaryTransport>
        <Address />
        <RetryCount>3</RetryCount>
        <RetryInterval>5</RetryInterval>
        <ServiceWindowEnabled>false</ServiceWindowEnabled>
        <FromTime>2000-01-01T00:00:00</FromTime>
        <ToTime>2000-01-01T23:59:59</ToTime>
        <Primary>false</Primary>
        <OrderedDelivery>false</OrderedDelivery>
        <DeliveryNotification>1</DeliveryNotification>
        <SendHandler xsi:nil="true" />
      </SecondaryTransport>
      <ReceivePipeline Name="Microsoft.BizTalk.DefaultPipelines.XMLReceive" FullyQualifiedName="Microsoft.BizTalk.DefaultPipelines.XMLReceive, Microsoft.BizTalk.DefaultPipelines, Version=3.0.1.0, Culture=neutral, PublicKeyToken=31bf3856ad364e35" Type="1" TrackingOption="None" Description="" />
      <ReceivePipelineData xsi:nil="true" />
      <Tracking>0</Tracking>
      <Filter />
      <Transforms />
      <InboundTransforms />
      <OrderedDelivery>false</OrderedDelivery>
      <Priority>5</Priority>
      <StopSendingOnFailure>false</StopSendingOnFailure>
      <RouteFailedMessage>false</RouteFailedMessage>
      <ApplicationName>Lab7b</ApplicationName>
    </SendPort>
  </SendPortCollection>
  <DistributionListCollection />
  <ReceivePortCollection>
    <ReceivePort Name="ReceiveTweets" IsTwoWay="false" BindingOption="1">
      <Description xsi:nil="true" />
      <ReceiveLocations>
        <ReceiveLocation Name="ReceiveTweets_SB">
          <Description xsi:nil="true" />
          <Address>sb://blogical.servicebus.windows.net/A372/Subscriptions/Mikael</Address>
          <PublicAddress />
          <Primary>true</Primary>
          <ReceiveLocationServiceWindowEnabled>false</ReceiveLocationServiceWindowEnabled>
          <ReceiveLocationFromTime>2016-08-01T22:00:00</ReceiveLocationFromTime>
          <ReceiveLocationToTime>2016-08-02T21:59:59</ReceiveLocationToTime>
          <ReceiveLocationStartDateEnabled>false</ReceiveLocationStartDateEnabled>
          <ReceiveLocationStartDate>2016-08-02T00:00:00</ReceiveLocationStartDate>
          <ReceiveLocationEndDateEnabled>false</ReceiveLocationEndDateEnabled>
          <ReceiveLocationEndDate>2016-08-03T00:00:00</ReceiveLocationEndDate>
          <ReceiveLocationTransportType Name="SB-Messaging" Capabilities="523" ConfigurationClsid="9c458d4a-a73c-4cb3-89c4-86ae0103de2f" />
          <ReceiveLocationTransportTypeData>&lt;CustomProps&gt;&lt;IssuerName vt="8"&gt;owner&lt;/IssuerName&gt;&lt;IssuerSecret vt="1" /&gt;&lt;IsSessionful vt="11"&gt;0&lt;/IsSessionful&gt;&lt;StsUri vt="8"&gt;https://blogical-sb.accesscontrol.windows.net/&lt;/StsUri&gt;&lt;SharedAccessKeyName vt="8" /&gt;&lt;UseAcsAuthentication vt="11"&gt;-1&lt;/UseAcsAuthentication&gt;&lt;ReceiveTimeout vt="8"&gt;00:10:00&lt;/ReceiveTimeout&gt;&lt;SharedAccessKey vt="1" /&gt;&lt;OpenTimeout vt="8"&gt;00:01:00&lt;/OpenTimeout&gt;&lt;PrefetchCount vt="3"&gt;-1&lt;/PrefetchCount&gt;&lt;PromoteCustomProperties vt="11"&gt;0&lt;/PromoteCustomProperties&gt;&lt;UseSasAuthentication vt="11"&gt;0&lt;/UseSasAuthentication&gt;&lt;CloseTimeout vt="8"&gt;00:01:00&lt;/CloseTimeout&gt;&lt;SendTimeout vt="8"&gt;00:00:00&lt;/SendTimeout&gt;&lt;CustomBrokeredPropertyNamespace vt="8"&gt;http://schemas.microsoft.com/BizTalk/2012/ServiceBusAdapter/BrokeredMessage/User&lt;/CustomBrokeredPropertyNamespace&gt;&lt;/CustomProps&gt;</ReceiveLocationTransportTypeData>
          <ReceivePipeline Name="Lab7b.ReceiveTweetPipeline" FullyQualifiedName="Lab7b.ReceiveTweetPipeline, Lab7b, Version=1.0.0.0, Culture=neutral, PublicKeyToken=995c55ea8dfd1666" Type="1" TrackingOption="ServiceStartEnd MessageSendReceive PipelineEvents" />
          <ReceivePipelineData>&lt;Root xmlns:xsd="http://www.w3.org/2001/XMLSchema" xmlns:xsi="http://www.w3.org/2001/XMLSchema-instance"&gt;&lt;Stages&gt;&lt;Stage CategoryId="9d0e4103-4cce-4536-83fa-4a5040674ad6"&gt;&lt;Components&gt;&lt;Component Name="Microsoft.BizTalk.Component.JsonDecoder"&gt;&lt;Properties /&gt;&lt;/Component&gt;&lt;/Components&gt;&lt;/Stage&gt;&lt;Stage CategoryId="9d0e4105-4cce-4536-83fa-4a5040674ad6"&gt;&lt;Components&gt;&lt;Component Name="Microsoft.BizTalk.Component.XmlDasmComp"&gt;&lt;Properties /&gt;&lt;/Component&gt;&lt;/Components&gt;&lt;/Stage&gt;&lt;/Stages&gt;&lt;/Root&gt;</ReceivePipelineData>
          <SendPipeline xsi:nil="true" />
          <SendPipelineData xsi:nil="true" />
          <Enable>true</Enable>
          <ReceiveHandler Name="BizTalkServerApplication" HostTrusted="false">
            <TransportType Name="SB-Messaging" Capabilities="523" ConfigurationClsid="9c458d4a-a73c-4cb3-89c4-86ae0103de2f" />
          </ReceiveHandler>
        </ReceiveLocation>
      </ReceiveLocations>
      <SendPipelineData xsi:nil="true" />
      <Authentication>0</Authentication>
      <Tracking>0</Tracking>
      <Transforms />
      <RouteFailedMessage>false</RouteFailedMessage>
      <ApplicationName>Lab7b</ApplicationName>
    </ReceivePort>
  </ReceivePortCollection>
  <PartyCollection xsi:nil="true" />
</BindingInfo>